{
  "schema_version": 1,
  "acc": 0.9470046082949308,
  "macro_f1": 0.9389784893556975,
  "per_class_recall": {
    "cardboard": 0.9275,
    "glass": 0.9302,
    "metal": 0.9437,
    "paper": 0.9902,
    "plastic": 0.9518,
    "trash": 0.8696
  },
  "n": 434,
  "correct": 411,
  "split": "val_fold0",
  "tta": true,
  "weights": "raw",
  "checkpoint": "checkpoints\\resnet50_224_wd010\\fold0\\best.pth",
  "checkpoint_sha256": "272B6EC45543F20AB872F465A9AEEB25A0E5D14B20FD816209F29A8B219F5ED5",
  "prediction_sha256": "C7A5E606D21D075559E28FE72EB478F8273F19F8B034D7AE4F5506EA76FE076F",
  "split_identity_sha256": "b761576345b66207f1c8420eecca867dd669d3fc6af60e9b6736e1b5ffe9db96",
  "config_hash": "23aa1cc941",
  "model": "resnet50.tv2_in1k",
  "img_size": 224,
  "class_order": [
    "cardboard",
    "glass",
    "metal",
    "paper",
    "plastic",
    "trash"
  ],
  "class_supports": [
    69,
    86,
    71,
    102,
    83,
    23
  ],
  "classification_report": {
    "cardboard": {
      "precision": 1.0,
      "recall": 0.927536231884058,
      "f1-score": 0.9624060150375939,
      "support": 69.0
    },
    "glass": {
      "precision": 0.9523809523809523,
      "recall": 0.9302325581395349,
      "f1-score": 0.9411764705882353,
      "support": 86.0
    },
    "metal": {
      "precision": 0.9054054054054054,
      "recall": 0.9436619718309859,
      "f1-score": 0.9241379310344827,
      "support": 71.0
    },
    "paper": {
      "precision": 0.9528301886792453,
      "recall": 0.9901960784313726,
      "f1-score": 0.9711538461538461,
      "support": 102.0
    },
    "plastic": {
      "precision": 0.9404761904761905,
      "recall": 0.9518072289156626,
      "f1-score": 0.9461077844311377,
      "support": 83.0
    },
    "trash": {
      "precision": 0.9090909090909091,
      "recall": 0.8695652173913043,
      "f1-score": 0.8888888888888888,
      "support": 23.0
    },
    "accuracy": 0.9470046082949308,
    "macro avg": {
      "precision": 0.9433639410054505,
      "recall": 0.9354998810988198,
      "f1-score": 0.9389784893556975,
      "support": 434.0
    },
    "weighted avg": {
      "precision": 0.9478014738535563,
      "recall": 0.9470046082949308,
      "f1-score": 0.9469817222846814,
      "support": 434.0
    }
  },
  "confusion_matrix": [
    [
      64,
      0,
      1,
      2,
      1,
      1
    ],
    [
      0,
      80,
      4,
      1,
      1,
      0
    ],
    [
      0,
      3,
      67,
      0,
      0,
      1
    ],
    [
      0,
      0,
      0,
      101,
      1,
      0
    ],
    [
      0,
      1,
      2,
      1,
      79,
      0
    ],
    [
      0,
      0,
      0,
      1,
      2,
      20
    ]
  ],
  "protocol": "tta4_v1_raw"
}