{
  "schema_version": 1,
  "acc": 0.956221198156682,
  "macro_f1": 0.9420554277155473,
  "per_class_recall": {
    "cardboard": 0.971,
    "glass": 0.9651,
    "metal": 0.9014,
    "paper": 1.0,
    "plastic": 0.9759,
    "trash": 0.7826
  },
  "n": 434,
  "correct": 415,
  "split": "val_fold0",
  "tta": true,
  "weights": "raw",
  "checkpoint": "checkpoints\\resnet50_224_aug_modern\\fold0\\best.pth",
  "checkpoint_sha256": "F2CF7531964B85C7C24E411CA298D0B9CA95BA65CA60A8F8DAA5D2C0F8AB867B",
  "prediction_sha256": "FA67E71BD25204B30A2361BC016F31A1C809BF438A5FA4100C4660DC792DB128",
  "split_identity_sha256": "b761576345b66207f1c8420eecca867dd669d3fc6af60e9b6736e1b5ffe9db96",
  "config_hash": "c3b7f8e2c9",
  "model": "resnet50.tv2_in1k",
  "img_size": 224,
  "class_order": [
    "cardboard",
    "glass",
    "metal",
    "paper",
    "plastic",
    "trash"
  ],
  "class_supports": [
    69,
    86,
    71,
    102,
    83,
    23
  ],
  "classification_report": {
    "cardboard": {
      "precision": 0.9571428571428572,
      "recall": 0.9710144927536232,
      "f1-score": 0.9640287769784173,
      "support": 69.0
    },
    "glass": {
      "precision": 0.9540229885057471,
      "recall": 0.9651162790697675,
      "f1-score": 0.9595375722543352,
      "support": 86.0
    },
    "metal": {
      "precision": 0.9552238805970149,
      "recall": 0.9014084507042254,
      "f1-score": 0.927536231884058,
      "support": 71.0
    },
    "paper": {
      "precision": 0.9714285714285714,
      "recall": 1.0,
      "f1-score": 0.9855072463768116,
      "support": 102.0
    },
    "plastic": {
      "precision": 0.9418604651162791,
      "recall": 0.9759036144578314,
      "f1-score": 0.9585798816568047,
      "support": 83.0
    },
    "trash": {
      "precision": 0.9473684210526315,
      "recall": 0.782608695652174,
      "f1-score": 0.8571428571428571,
      "support": 23.0
    },
    "accuracy": 0.956221198156682,
    "macro avg": {
      "precision": 0.9545078639738502,
      "recall": 0.9326752554396035,
      "f1-score": 0.9420554277155473,
      "support": 434.0
    },
    "weighted avg": {
      "precision": 0.9561275028832154,
      "recall": 0.956221198156682,
      "f1-score": 0.955510240348818,
      "support": 434.0
    }
  },
  "confusion_matrix": [
    [
      67,
      0,
      0,
      1,
      0,
      1
    ],
    [
      0,
      83,
      2,
      0,
      1,
      0
    ],
    [
      2,
      3,
      64,
      0,
      2,
      0
    ],
    [
      0,
      0,
      0,
      102,
      0,
      0
    ],
    [
      0,
      1,
      1,
      0,
      81,
      0
    ],
    [
      1,
      0,
      0,
      2,
      2,
      18
    ]
  ],
  "protocol": "tta4_v1_raw"
}