{
  "schema_version": 1,
  "acc": 0.9447004608294931,
  "macro_f1": 0.94278910520599,
  "per_class_recall": {
    "cardboard": 0.9275,
    "glass": 0.9419,
    "metal": 0.9577,
    "paper": 0.9706,
    "plastic": 0.9157,
    "trash": 0.9565
  },
  "n": 434,
  "correct": 410,
  "split": "val_fold0",
  "tta": false,
  "weights": "raw",
  "checkpoint": "checkpoints\\resnet50_384_progressive\\fold0\\best.pth",
  "checkpoint_sha256": "F6F841D1EA98DE2C9170E33995BE31B511E0D47BE681A9C01B7F0DC4ED2D09AA",
  "prediction_sha256": "0C8C61C5C065411878A8D51186C07D8684DB637DF28D1EB5F6E0C0CC615D59E4",
  "split_identity_sha256": "b761576345b66207f1c8420eecca867dd669d3fc6af60e9b6736e1b5ffe9db96",
  "config_hash": "bc27d87b89",
  "model": "resnet50.tv2_in1k",
  "img_size": 384,
  "class_order": [
    "cardboard",
    "glass",
    "metal",
    "paper",
    "plastic",
    "trash"
  ],
  "class_supports": [
    69,
    86,
    71,
    102,
    83,
    23
  ],
  "classification_report": {
    "cardboard": {
      "precision": 0.9846153846153847,
      "recall": 0.927536231884058,
      "f1-score": 0.9552238805970149,
      "support": 69.0
    },
    "glass": {
      "precision": 0.9310344827586207,
      "recall": 0.9418604651162791,
      "f1-score": 0.9364161849710982,
      "support": 86.0
    },
    "metal": {
      "precision": 0.9066666666666666,
      "recall": 0.9577464788732394,
      "f1-score": 0.9315068493150684,
      "support": 71.0
    },
    "paper": {
      "precision": 0.9705882352941176,
      "recall": 0.9705882352941176,
      "f1-score": 0.9705882352941176,
      "support": 102.0
    },
    "plastic": {
      "precision": 0.9382716049382716,
      "recall": 0.9156626506024096,
      "f1-score": 0.926829268292683,
      "support": 83.0
    },
    "trash": {
      "precision": 0.9166666666666666,
      "recall": 0.9565217391304348,
      "f1-score": 0.9361702127659575,
      "support": 23.0
    },
    "accuracy": 0.9447004608294931,
    "macro avg": {
      "precision": 0.9413071734899546,
      "recall": 0.9449859668167564,
      "f1-score": 0.94278910520599,
      "support": 434.0
    },
    "weighted avg": {
      "precision": 0.9454853385535625,
      "recall": 0.9447004608294931,
      "f1-score": 0.9447879496128757,
      "support": 434.0
    }
  },
  "confusion_matrix": [
    [
      64,
      0,
      2,
      2,
      0,
      1
    ],
    [
      0,
      81,
      3,
      0,
      2,
      0
    ],
    [
      0,
      2,
      68,
      0,
      1,
      0
    ],
    [
      1,
      0,
      1,
      99,
      1,
      0
    ],
    [
      0,
      4,
      1,
      1,
      76,
      1
    ],
    [
      0,
      0,
      0,
      0,
      1,
      22
    ]
  ],
  "protocol": "single_v1_raw"
}