{
  "threshold": {
    "fraction": 0.015,
    "n": 434,
    "min_net_images": 7,
    "reference_correct": 412,
    "required_correct": 419
  },
  "reference": {
    "correct": 412,
    "accuracy": 0.9493087557603687,
    "macro_f1": 0.9413997489480129,
    "per_class_recall": {
      "cardboard": 0.927536231884058,
      "glass": 0.9069767441860465,
      "metal": 0.9436619718309859,
      "paper": 0.9901960784313726,
      "plastic": 0.9879518072289156,
      "trash": 0.8695652173913043
    },
    "confusion_matrix": [
      [
        64,
        0,
        1,
        2,
        1,
        1
      ],
      [
        0,
        78,
        3,
        1,
        4,
        0
      ],
      [
        0,
        2,
        67,
        0,
        1,
        1
      ],
      [
        0,
        0,
        0,
        101,
        1,
        0
      ],
      [
        0,
        0,
        0,
        1,
        82,
        0
      ],
      [
        0,
        0,
        0,
        1,
        2,
        20
      ]
    ]
  },
  "candidate": {
    "correct": 415,
    "accuracy": 0.956221198156682,
    "macro_f1": 0.9420554277155473,
    "per_class_recall": {
      "cardboard": 0.9710144927536232,
      "glass": 0.9651162790697675,
      "metal": 0.9014084507042254,
      "paper": 1.0,
      "plastic": 0.9759036144578314,
      "trash": 0.782608695652174
    },
    "confusion_matrix": [
      [
        67,
        0,
        0,
        1,
        0,
        1
      ],
      [
        0,
        83,
        2,
        0,
        1,
        0
      ],
      [
        2,
        3,
        64,
        0,
        2,
        0
      ],
      [
        0,
        0,
        0,
        102,
        0,
        0
      ],
      [
        0,
        1,
        1,
        0,
        81,
        0
      ],
      [
        1,
        0,
        0,
        2,
        2,
        18
      ]
    ]
  },
  "paired": {
    "fixed": 12,
    "regressed": 9,
    "net_images": 3,
    "discordant": 21,
    "mcnemar_exact_two_sided_p": 0.6636238098144531
  },
  "per_class_recall_delta": {
    "cardboard": 0.04347826086956519,
    "glass": 0.058139534883721034,
    "metal": -0.04225352112676051,
    "paper": 0.009803921568627416,
    "plastic": -0.012048192771084265,
    "trash": -0.08695652173913038
  },
  "directional_confusion_delta": {
    "cardboard->metal": {
      "reference": 1,
      "candidate": 0,
      "delta": -1
    },
    "cardboard->paper": {
      "reference": 2,
      "candidate": 1,
      "delta": -1
    },
    "cardboard->plastic": {
      "reference": 1,
      "candidate": 0,
      "delta": -1
    },
    "cardboard->trash": {
      "reference": 1,
      "candidate": 1,
      "delta": 0
    },
    "glass->metal": {
      "reference": 3,
      "candidate": 2,
      "delta": -1
    },
    "glass->paper": {
      "reference": 1,
      "candidate": 0,
      "delta": -1
    },
    "glass->plastic": {
      "reference": 4,
      "candidate": 1,
      "delta": -3
    },
    "metal->cardboard": {
      "reference": 0,
      "candidate": 2,
      "delta": 2
    },
    "metal->glass": {
      "reference": 2,
      "candidate": 3,
      "delta": 1
    },
    "metal->plastic": {
      "reference": 1,
      "candidate": 2,
      "delta": 1
    },
    "metal->trash": {
      "reference": 1,
      "candidate": 0,
      "delta": -1
    },
    "paper->plastic": {
      "reference": 1,
      "candidate": 0,
      "delta": -1
    },
    "plastic->glass": {
      "reference": 0,
      "candidate": 1,
      "delta": 1
    },
    "plastic->metal": {
      "reference": 0,
      "candidate": 1,
      "delta": 1
    },
    "plastic->paper": {
      "reference": 1,
      "candidate": 0,
      "delta": -1
    },
    "trash->cardboard": {
      "reference": 0,
      "candidate": 1,
      "delta": 1
    },
    "trash->paper": {
      "reference": 1,
      "candidate": 2,
      "delta": 1
    },
    "trash->plastic": {
      "reference": 2,
      "candidate": 2,
      "delta": 0
    }
  },
  "unordered_confusion_delta": {
    "cardboard<->metal": {
      "reference": 1,
      "candidate": 2,
      "delta": 1
    },
    "cardboard<->paper": {
      "reference": 2,
      "candidate": 1,
      "delta": -1
    },
    "cardboard<->plastic": {
      "reference": 1,
      "candidate": 0,
      "delta": -1
    },
    "cardboard<->trash": {
      "reference": 1,
      "candidate": 2,
      "delta": 1
    },
    "glass<->metal": {
      "reference": 5,
      "candidate": 5,
      "delta": 0
    },
    "glass<->paper": {
      "reference": 1,
      "candidate": 0,
      "delta": -1
    },
    "glass<->plastic": {
      "reference": 4,
      "candidate": 2,
      "delta": -2
    },
    "metal<->plastic": {
      "reference": 1,
      "candidate": 3,
      "delta": 2
    },
    "metal<->trash": {
      "reference": 1,
      "candidate": 0,
      "delta": -1
    },
    "paper<->plastic": {
      "reference": 2,
      "candidate": 0,
      "delta": -2
    },
    "paper<->trash": {
      "reference": 1,
      "candidate": 2,
      "delta": 1
    },
    "plastic<->trash": {
      "reference": 2,
      "candidate": 2,
      "delta": 0
    }
  },
  "gates": {
    "net_images_at_least_threshold": false,
    "macro_f1_not_lower": true,
    "no_recall_drop_over_5pp": false
  },
  "verdict": "rejected"
}