{
  "schema_version": 1,
  "acc": 0.9493087557603687,
  "macro_f1": 0.9442008484951588,
  "per_class_recall": {
    "cardboard": 0.9275,
    "glass": 0.9419,
    "metal": 0.9577,
    "paper": 0.9804,
    "plastic": 0.9398,
    "trash": 0.913
  },
  "n": 434,
  "correct": 412,
  "split": "val_fold0",
  "tta": true,
  "weights": "raw",
  "checkpoint": "checkpoints\\resnet50_384_progressive\\fold0\\best.pth",
  "checkpoint_sha256": "F6F841D1EA98DE2C9170E33995BE31B511E0D47BE681A9C01B7F0DC4ED2D09AA",
  "prediction_sha256": "0AF36F9B9D3C8B0DD489D94E09BF59F0A0FB12D887CA0E65647EABEB920320E7",
  "split_identity_sha256": "b761576345b66207f1c8420eecca867dd669d3fc6af60e9b6736e1b5ffe9db96",
  "config_hash": "bc27d87b89",
  "model": "resnet50.tv2_in1k",
  "img_size": 384,
  "class_order": [
    "cardboard",
    "glass",
    "metal",
    "paper",
    "plastic",
    "trash"
  ],
  "class_supports": [
    69,
    86,
    71,
    102,
    83,
    23
  ],
  "classification_report": {
    "cardboard": {
      "precision": 0.9846153846153847,
      "recall": 0.927536231884058,
      "f1-score": 0.9552238805970149,
      "support": 69.0
    },
    "glass": {
      "precision": 0.9418604651162791,
      "recall": 0.9418604651162791,
      "f1-score": 0.9418604651162791,
      "support": 86.0
    },
    "metal": {
      "precision": 0.9315068493150684,
      "recall": 0.9577464788732394,
      "f1-score": 0.9444444444444444,
      "support": 71.0
    },
    "paper": {
      "precision": 0.9615384615384616,
      "recall": 0.9803921568627451,
      "f1-score": 0.970873786407767,
      "support": 102.0
    },
    "plastic": {
      "precision": 0.9397590361445783,
      "recall": 0.9397590361445783,
      "f1-score": 0.9397590361445783,
      "support": 83.0
    },
    "trash": {
      "precision": 0.9130434782608695,
      "recall": 0.9130434782608695,
      "f1-score": 0.9130434782608695,
      "support": 23.0
    },
    "accuracy": 0.9493087557603687,
    "macro avg": {
      "precision": 0.9453872791651069,
      "recall": 0.9433896411902949,
      "f1-score": 0.9442008484951588,
      "support": 434.0
    },
    "weighted avg": {
      "precision": 0.9496598408220149,
      "recall": 0.9493087557603687,
      "f1-score": 0.9492975334800503,
      "support": 434.0
    }
  },
  "confusion_matrix": [
    [
      64,
      0,
      2,
      2,
      0,
      1
    ],
    [
      0,
      81,
      3,
      0,
      2,
      0
    ],
    [
      0,
      2,
      68,
      0,
      1,
      0
    ],
    [
      1,
      0,
      0,
      100,
      1,
      0
    ],
    [
      0,
      3,
      0,
      1,
      78,
      1
    ],
    [
      0,
      0,
      0,
      1,
      1,
      21
    ]
  ],
  "protocol": "tta4_v1_raw"
}