{
  "threshold": {
    "fraction": 0.015,
    "n": 434,
    "min_net_images": 7,
    "reference_correct": 412,
    "required_correct": 419
  },
  "reference": {
    "correct": 412,
    "accuracy": 0.9493087557603687,
    "macro_f1": 0.9413997489480129,
    "per_class_recall": {
      "cardboard": 0.927536231884058,
      "glass": 0.9069767441860465,
      "metal": 0.9436619718309859,
      "paper": 0.9901960784313726,
      "plastic": 0.9879518072289156,
      "trash": 0.8695652173913043
    },
    "confusion_matrix": [
      [
        64,
        0,
        1,
        2,
        1,
        1
      ],
      [
        0,
        78,
        3,
        1,
        4,
        0
      ],
      [
        0,
        2,
        67,
        0,
        1,
        1
      ],
      [
        0,
        0,
        0,
        101,
        1,
        0
      ],
      [
        0,
        0,
        0,
        1,
        82,
        0
      ],
      [
        0,
        0,
        0,
        1,
        2,
        20
      ]
    ]
  },
  "candidate": {
    "correct": 412,
    "accuracy": 0.9493087557603687,
    "macro_f1": 0.9442008484951588,
    "per_class_recall": {
      "cardboard": 0.927536231884058,
      "glass": 0.9418604651162791,
      "metal": 0.9577464788732394,
      "paper": 0.9803921568627451,
      "plastic": 0.9397590361445783,
      "trash": 0.9130434782608695
    },
    "confusion_matrix": [
      [
        64,
        0,
        2,
        2,
        0,
        1
      ],
      [
        0,
        81,
        3,
        0,
        2,
        0
      ],
      [
        0,
        2,
        68,
        0,
        1,
        0
      ],
      [
        1,
        0,
        0,
        100,
        1,
        0
      ],
      [
        0,
        3,
        0,
        1,
        78,
        1
      ],
      [
        0,
        0,
        0,
        1,
        1,
        21
      ]
    ]
  },
  "paired": {
    "fixed": 10,
    "regressed": 10,
    "net_images": 0,
    "discordant": 20,
    "mcnemar_exact_two_sided_p": 1.0
  },
  "per_class_recall_delta": {
    "cardboard": 0.0,
    "glass": 0.03488372093023262,
    "metal": 0.014084507042253502,
    "paper": -0.009803921568627527,
    "plastic": -0.04819277108433728,
    "trash": 0.04347826086956519
  },
  "directional_confusion_delta": {
    "cardboard->metal": {
      "reference": 1,
      "candidate": 2,
      "delta": 1
    },
    "cardboard->paper": {
      "reference": 2,
      "candidate": 2,
      "delta": 0
    },
    "cardboard->plastic": {
      "reference": 1,
      "candidate": 0,
      "delta": -1
    },
    "cardboard->trash": {
      "reference": 1,
      "candidate": 1,
      "delta": 0
    },
    "glass->metal": {
      "reference": 3,
      "candidate": 3,
      "delta": 0
    },
    "glass->paper": {
      "reference": 1,
      "candidate": 0,
      "delta": -1
    },
    "glass->plastic": {
      "reference": 4,
      "candidate": 2,
      "delta": -2
    },
    "metal->glass": {
      "reference": 2,
      "candidate": 2,
      "delta": 0
    },
    "metal->plastic": {
      "reference": 1,
      "candidate": 1,
      "delta": 0
    },
    "metal->trash": {
      "reference": 1,
      "candidate": 0,
      "delta": -1
    },
    "paper->cardboard": {
      "reference": 0,
      "candidate": 1,
      "delta": 1
    },
    "paper->plastic": {
      "reference": 1,
      "candidate": 1,
      "delta": 0
    },
    "plastic->glass": {
      "reference": 0,
      "candidate": 3,
      "delta": 3
    },
    "plastic->paper": {
      "reference": 1,
      "candidate": 1,
      "delta": 0
    },
    "plastic->trash": {
      "reference": 0,
      "candidate": 1,
      "delta": 1
    },
    "trash->paper": {
      "reference": 1,
      "candidate": 1,
      "delta": 0
    },
    "trash->plastic": {
      "reference": 2,
      "candidate": 1,
      "delta": -1
    }
  },
  "unordered_confusion_delta": {
    "cardboard<->metal": {
      "reference": 1,
      "candidate": 2,
      "delta": 1
    },
    "cardboard<->paper": {
      "reference": 2,
      "candidate": 3,
      "delta": 1
    },
    "cardboard<->plastic": {
      "reference": 1,
      "candidate": 0,
      "delta": -1
    },
    "cardboard<->trash": {
      "reference": 1,
      "candidate": 1,
      "delta": 0
    },
    "glass<->metal": {
      "reference": 5,
      "candidate": 5,
      "delta": 0
    },
    "glass<->paper": {
      "reference": 1,
      "candidate": 0,
      "delta": -1
    },
    "glass<->plastic": {
      "reference": 4,
      "candidate": 5,
      "delta": 1
    },
    "metal<->plastic": {
      "reference": 1,
      "candidate": 1,
      "delta": 0
    },
    "metal<->trash": {
      "reference": 1,
      "candidate": 0,
      "delta": -1
    },
    "paper<->plastic": {
      "reference": 2,
      "candidate": 2,
      "delta": 0
    },
    "paper<->trash": {
      "reference": 1,
      "candidate": 1,
      "delta": 0
    },
    "plastic<->trash": {
      "reference": 2,
      "candidate": 2,
      "delta": 0
    }
  },
  "gates": {
    "net_images_at_least_threshold": false,
    "macro_f1_not_lower": true,
    "no_recall_drop_over_5pp": true
  },
  "verdict": "rejected"
}