{
  "swin_b": {
    "val_acc": 0.9700924415443176,
    "test_acc": 0.9760739532354541,
    "tta_acc": 0.9782490483958673,
    "params": 86753474
  },
  "per_class_tta": {
    "battery": 1.0,
    "biological": 0.9904761904761905,
    "cardboard": 0.981042654028436,
    "clothes": 0.9929577464788732,
    "glass": 0.9731800766283525,
    "metal": 0.9857142857142858,
    "paper": 0.965,
    "plastic": 0.9541666666666667,
    "shoes": 0.9907834101382489,
    "trash": 0.9411764705882353
  }
}